doc_id,sha12,name,kind,year,level,fund_table,fund_nonzero,soe_table,soe_nonzero,sg_table,sg_nonzero,perf_table,perf_nonzero
,ae05f59e0b55,上海市普陀区交通管理中心2026年度单位预算.pdf,budget,2026,单位,1,1,1,1,1,1,0,0
,95ded2d8d439,上海市普陀区人民政府办公室 2024 年度部门决算.pdf,final,2024,部门,0,0,0,0,1,1,0,0
,4b23e89f2874,上海市普陀区人民政府办公室 2025 年度单位决算.pdf,final,2025,单位,0,0,0,0,1,1,0,0
DOC-B1-001,f809eef2afa9,上海市普陀区人民政府宜川路街道办事处 2025 年度决算.pdf,final,2025,部门,0,0,0,0,1,1,0,0
DOC-B1-002,e8315830f800,上海市普陀区人民政府石泉路街道办事处 2025 年度决算.pdf,final,2025,部门,0,0,0,0,1,1,0,0
,6807f563289f,上海市普陀区人民政府长风街道办事处 2025 年度决算.pdf,final,2025,部门,0,0,0,0,1,1,0,0
,b64e7ed3c7a4,上海市普陀区养老服务发展中心2026年度单位预算.pdf,budget,2026,单位,1,1,1,0,1,1,0,0
,a69cfe01fc30,上海市普陀区城市管理行政执法局2026年度单位预算公开.pdf,budget,2026,单位,2,1,2,1,1,1,0,0
DOC-B1-005,c56f4368be5d,上海市普陀区城市管理行政执法局2026年度部门预算公开.pdf,budget,2026,部门,2,1,2,1,1,1,1,1
,fef3fb8ca021,上海市普陀区婚姻收养登记中心2026年度单位预算.pdf,budget,2026,单位,1,0,1,0,1,1,0,0
,2c9a82322318,上海市普陀区市政工程建设中心2026年度单位预算.pdf,budget,2026,单位,1,1,1,0,1,1,0,0
,599f30b52b35,上海市普陀区市政水务管理中心2026年单位预算.pdf,budget,2026,单位,1,1,1,0,1,1,0,0
,d3fd952fc4ec,上海市普陀区建筑业管理中心2026年度单位预算.pdf,budget,2026,单位,1,0,1,0,1,1,0,0
,0b3e393a26a0,上海市普陀区建设和管理委员会2026年度单位预算.pdf,budget,2026,单位,1,1,1,0,1,1,0,0
DOC-B1-004,73528f0b78d1,上海市普陀区建设和管理委员会2026年度部门预算公开.pdf,budget,2026,部门,2,2,2,1,1,1,1,1
,e923a8f859bc,上海市普陀区救助事务中心2026年度单位预算.pdf,budget,2026,单位,2,1,2,1,1,1,0,0
DOC-B1-003,74e6afd06669,上海市普陀区文化和旅游局 2025 年度部门决算.pdf,final,2025,部门,0,0,0,0,1,1,0,0
DOC-B1-006,19447c3cec30,上海市普陀区文化和旅游局26部门预算.pdf,budget,2026,部门,2,1,2,1,1,1,0,0
,ff21b6bbb658,上海市普陀区曹杨新村街道城市运行管理中心_上海市普陀区曹杨新村街道城市运行管理中心2026年单位预算.pdf,budget,2026,单位,1,0,1,0,1,1,0,0
,bf9a525b1275,上海市普陀区曹杨新村街道社区事务受理服务中心_上海市普陀区曹杨新村街道社区事务受理服务中心2026年单位预算.pdf,budget,2026,单位,1,0,1,0,1,0,0,0
,70cebe238ab0,上海市普陀区曹杨新村街道社区党群服务中心_上海市普陀区曹杨新村街道社区党群服务中心2026年单位预算.pdf,budget,2026,单位,1,0,1,0,1,0,0,0
,b23c1a70ed1a,上海市普陀区曹杨新村街道经济发展服务中心_上海市普陀区曹杨新村街道经济发展服务中心2026年单位预算.pdf,budget,2026,单位,1,0,1,0,1,0,0,0
,ff9900d6374b,上海市普陀区曹杨新村街道综合行政执法队_上海市普陀区曹杨新村街道综合行政执法队2026年单位预算.pdf,budget,2026,单位,1,0,1,0,1,1,0,0
,7bcbfe675c7f,上海市普陀区民政局2026年部门预算.pdf,budget,2026,部门,2,2,2,1,1,1,0,0
,5c7634c49f10,上海市普陀区民政局（本级）2026年度单位预算.pdf,budget,2026,单位,2,2,2,1,1,1,0,0
,218428d19d9b,上海市普陀区社会事务管理中心2026年度单位预算.pdf,budget,2026,单位,1,0,1,0,1,0,0,0
,7b81978361fa,上海市普陀区社会福利院2026年度单位预算.pdf,budget,2026,单位,1,0,1,0,1,1,0,0
,f2546b577801,上海市普陀区规划和自然资源局 2024 年度部门决算.pdf,final,2024,部门,0,0,0,0,1,1,0,0
,631ac4422779,上海市普陀区规划和自然资源局 2024 年度部门决算.pdf,final,2024,部门,0,0,0,0,1,1,0,0
,d45e923176f9,上海市普陀区财政局 2024 年度部门决算.pdf,final,2024,部门,0,0,0,0,1,1,0,0
,14fa4da83ba5,上海市普陀区长寿路街道城市运行管理中心_上海市普陀区长寿路街道城市运行管理中心2026年单位预算.pdf,budget,2026,单位,1,0,1,0,1,1,0,0
,87e058505a7e,上海市普陀区长寿路街道社区事务受理服务中心_上海市普陀区长寿路街道社区事务受理服务中心2026年单位预算.pdf,budget,2026,单位,1,0,1,0,1,1,0,0
,e0d1cabf9f6d,上海市普陀区长寿路街道社区党群服务中心_上海市普陀区长寿路街道社区党群服务中心2026年单位预算.pdf,budget,2026,单位,1,0,1,0,1,0,0,0
,874207664888,上海市普陀区长寿路街道经济发展服务中心_上海市普陀区长寿路街道经济发展服务中心2026年单位预算.pdf,budget,2026,单位,1,0,1,0,1,0,0,0
,b1acc00a05a3,上海市普陀区长寿路街道综合行政执法队_上海市普陀区长寿路街道综合行政执法队2026年单位预算.pdf,budget,2026,单位,1,0,1,0,1,1,0,0
,b28efae1567d,曹杨新村街道(本部)_上海市普陀区人民政府曹杨新村街道办事处2026年单位预算.pdf,budget,2026,单位,1,1,1,0,1,1,0,0
