sha256,doc_id_existing,kind,year,level,pages,text_chars,name,path,duplicate_copies,note
60a0960024d6b683df1544238e658af6fe3a6c04eaddf256cdf294d891610267,,final,2026,部门,1,31,UI上传校验2026部门决算.pdf,uploads\da4e02cdff9073efcbc0f486410b9814\UI上传校验2026部门决算.pdf,,
ae05f59e0b55cccaa6d2b96555d29158476d130563be87f78167dc51d2d791d6,,budget,2026,单位,20,7894,上海市普陀区交通管理中心2026年度单位预算.pdf,uploads\aa59d53acddf8fde50a686c1c96e45a4\上海市普陀区交通管理中心2026年度单位预算.pdf,,
95ded2d8d439361b6c33255fb58f294098595bc06a3e090cc5f0e04f7fa68259,,final,2024,部门,29,11738,上海市普陀区人民政府办公室 2024 年度部门决算.pdf,uploads\e51c4622de6c5afb379131e63adc7794\上海市普陀区人民政府办公室 2024 年度部门决算.pdf,,
4b23e89f2874b46048a774a5d40a385dfd8038bfd34fafed356014243e8d093f,,final,2025,单位,27,11819,上海市普陀区人民政府办公室 2025 年度单位决算.pdf,uploads\0bbe710bc1e814a82716b6e779822529\上海市普陀区人民政府办公室 2025 年度单位决算.pdf,uploads\putuo_final_samples\上海市普陀区人民政府办公室 2025 年度单位决算.pdf,
f809eef2afa91d258d5fbe4b0d1553dbe3a8ef9c4688d07e3a73aeaecd02ec03,DOC-B1-001,final,2025,部门,41,19661,上海市普陀区人民政府宜川路街道办事处 2025 年度决算.pdf,uploads\putuo_final_samples\上海市普陀区人民政府宜川路街道办事处 2025 年度决算.pdf,,
e8315830f800e58038b19bfd0f1e36f5930d9da72a22c3e79f781036bd5289a4,DOC-B1-002,final,2025,部门,44,21380,上海市普陀区人民政府石泉路街道办事处 2025 年度决算.pdf,uploads\putuo_final_samples\上海市普陀区人民政府石泉路街道办事处 2025 年度决算.pdf,,
6807f563289f30678c942fb17389c5c8486feb9fd8cc8ffe63712336bf69bd72,,final,2025,部门,36,18461,上海市普陀区人民政府长风街道办事处 2025 年度决算.pdf,uploads\putuo_final_samples\上海市普陀区人民政府长风街道办事处 2025 年度决算.pdf,,
b64e7ed3c7a45c7e6a8bb083efc2ec678673444c1c81d2d6725308dfbaa30041,,budget,2026,单位,22,8627,上海市普陀区养老服务发展中心2026年度单位预算.pdf,uploads\a7ddcf98544909b7030db777474fc533\上海市普陀区养老服务发展中心2026年度单位预算.pdf,,
a69cfe01fc30aa68ed5b1d1aeac64f123467a07c833654977909dd478719adf8,,budget,2026,单位,21,7943,上海市普陀区城市管理行政执法局2026年度单位预算公开.pdf,uploads\436b43bb38275cb58ec660faf9505451\上海市普陀区城市管理行政执法局2026年度单位预算公开.pdf,uploads\5a2e3ac96c4f7849d7e4c89965b59f13\上海市普陀区城市管理行政执法局2026年度单位预算公开.pdf|uploads\7abf6d007fee7d554e5d2598610c1686\上海市普陀区城市管理行政执法局2026年度单位预算公开.pdf,
c56f4368be5dbf51c88214f1260ecb97ce57fe77950df18dc33d184f40b24d93,DOC-B1-005,budget,2026,部门,24,10881,上海市普陀区城市管理行政执法局2026年度部门预算公开.pdf,uploads\debb635a7ff812fb90fa574ee50aba10\上海市普陀区城市管理行政执法局2026年度部门预算公开.pdf,,
fef3fb8ca021854aa99340bb54c5f23f3c50b834d443f23a6ea147445d1bfc2d,,budget,2026,单位,18,6266,上海市普陀区婚姻收养登记中心2026年度单位预算.pdf,uploads\46dd2a2047003c94b94796a5e8da3ac3\上海市普陀区婚姻收养登记中心2026年度单位预算.pdf,,
2c9a82322318db2c63b53c6667d39295b5d6701a1c3c04e72f2a0bb89179fc06,,budget,2026,单位,21,8057,上海市普陀区市政工程建设中心2026年度单位预算.pdf,uploads\507182d99c7c895befa277147f694c0f\上海市普陀区市政工程建设中心2026年度单位预算.pdf,,
599f30b52b35d4dae6cd716b5d943bd79fc9c16eb496b97968b3a81c088821dd,,budget,2026,单位,21,9987,上海市普陀区市政水务管理中心2026年单位预算.pdf,uploads\d6b77713dee43abf5f3d17656a4806d8\上海市普陀区市政水务管理中心2026年单位预算.pdf,,
d3fd952fc4ecd1fc463a459430408b4aaafb83959b154e9fba1b2d19533fac44,,budget,2026,单位,20,7312,上海市普陀区建筑业管理中心2026年度单位预算.pdf,uploads\d3f3e77f13a84ceac43ddb1931837ec5\上海市普陀区建筑业管理中心2026年度单位预算.pdf,,
0b3e393a26a03ce1474b1f03205fce7704c7aea0b06053429db3756321a8e6d2,,budget,2026,单位,21,9659,上海市普陀区建设和管理委员会2026年度单位预算.pdf,uploads\ad90e15463c576fba3628adae42434de\上海市普陀区建设和管理委员会2026年度单位预算.pdf,,
73528f0b78d178bd83d9b65bcaa77d30269f5e0f67f6ceb6064b819ae479e16a,DOC-B1-004,budget,2026,部门,24,16268,上海市普陀区建设和管理委员会2026年度部门预算公开.pdf,uploads\864d06b238464180b964e71ea7a6b410\上海市普陀区建设和管理委员会2026年度部门预算公开.pdf,,
e923a8f859bc322511cf17f7c17f9f28c70fc2893feb9abf39a0f91b63891c5e,,budget,2026,单位,20,7331,上海市普陀区救助事务中心2026年度单位预算.pdf,uploads\af43dbe7aca1092dc6f1575b7830adfa\上海市普陀区救助事务中心2026年度单位预算.pdf,,
74e6afd06669098f57391a13dad63a6f2a15cac620ac9f32018e79649fe6a367,DOC-B1-003,final,2025,部门,33,16498,上海市普陀区文化和旅游局 2025 年度部门决算.pdf,uploads\3e33f44e1b1414ed064e0896c154363c\上海市普陀区文化和旅游局 2025 年度部门决算.pdf,uploads\putuo_final_samples\上海市普陀区文化和旅游局 2025 年度部门决算.pdf,
19447c3cec309322ad786b14f5cb751424a1bfe2a1f3c4c3a96d035440665cf9,DOC-B1-006,budget,2026,部门,27,12758,上海市普陀区文化和旅游局26部门预算.pdf,uploads\ef67c3fa4030c28059323b0cd2b63931\上海市普陀区文化和旅游局26部门预算.pdf,,
ff21b6bbb658836e7e187cb723b94442701a8330b6f8ff2044cbbeabadec9e95,,budget,2026,单位,21,8280,上海市普陀区曹杨新村街道城市运行管理中心_上海市普陀区曹杨新村街道城市运行管理中心2026年单位预算.pdf,uploads\d0b217e4c8b7dcb3cc856adac9e473c5\上海市普陀区曹杨新村街道城市运行管理中心_上海市普陀区曹杨新村街道城市运行管理中心2026年单位预算.pdf,,
bf9a525b127529b43cc414b1869218b83400f0587419004e56ea7f711070c525,,budget,2026,单位,19,8312,上海市普陀区曹杨新村街道社区事务受理服务中心_上海市普陀区曹杨新村街道社区事务受理服务中心2026年单位预算.pdf,uploads\81dc2c0a38d3a189fcdccf5d622d051a\上海市普陀区曹杨新村街道社区事务受理服务中心_上海市普陀区曹杨新村街道社区事务受理服务中心2026年单位预算.pdf,,
70cebe238ab008c5fee6c88a810b5adc9f45a23af9f542d59624aebd08bac986,,budget,2026,单位,19,9100,上海市普陀区曹杨新村街道社区党群服务中心_上海市普陀区曹杨新村街道社区党群服务中心2026年单位预算.pdf,uploads\95ca9ffc63d416dab1a21fa2aa9f77ba\上海市普陀区曹杨新村街道社区党群服务中心_上海市普陀区曹杨新村街道社区党群服务中心2026年单位预算.pdf,,
b23c1a70ed1a1cfbb90b0caad679a49f1305df88835613dd48c7842ea424c825,,budget,2026,单位,20,7418,上海市普陀区曹杨新村街道经济发展服务中心_上海市普陀区曹杨新村街道经济发展服务中心2026年单位预算.pdf,uploads\7549383242347f287a8858a17ef178b2\上海市普陀区曹杨新村街道经济发展服务中心_上海市普陀区曹杨新村街道经济发展服务中心2026年单位预算.pdf,,
ff9900d6374b8959ae92ae9879de4f010f9effc8a005674a9dd5ced5d217f1db,,budget,2026,单位,33,8337,上海市普陀区曹杨新村街道综合行政执法队_上海市普陀区曹杨新村街道综合行政执法队2026年单位预算.pdf,uploads\9f9ad3376e7347608daf2a82b105ffe3\上海市普陀区曹杨新村街道综合行政执法队_上海市普陀区曹杨新村街道综合行政执法队2026年单位预算.pdf,,
7bcbfe675c7f4a957beff9b270f26aac57d30e73bbc4d03fad63964368e88362,,budget,2026,部门,26,16706,上海市普陀区民政局2026年部门预算.pdf,uploads\5756d4572f314fe41b25101099b413c5\上海市普陀区民政局2026年部门预算.pdf,,
5c7634c49f1083c63b6e4979018e56bfcd9cbf0346ca064bb0138e0820995154,,budget,2026,单位,24,12191,上海市普陀区民政局（本级）2026年度单位预算.pdf,uploads\c9e52f8ba924739a7e762c29dfc6eb26\上海市普陀区民政局（本级）2026年度单位预算.pdf,,
218428d19d9bd92e81518a7f45c5f4d0b32fdf6af022de806c9df5782a6ae7eb,,budget,2026,单位,16,6123,上海市普陀区社会事务管理中心2026年度单位预算.pdf,uploads\ea5049dd7dc0bd58f3b19770fe3e9b20\上海市普陀区社会事务管理中心2026年度单位预算.pdf,,
7b81978361fad43b5ee99747fe0201ed5881da694a09d24e9a6900b082dff77f,,budget,2026,单位,17,6667,上海市普陀区社会福利院2026年度单位预算.pdf,uploads\6367f31f1d95b6ef862044b3c2a85724\上海市普陀区社会福利院2026年度单位预算.pdf,,
f2546b577801816586e9083cdbaa1e643e9e2476e7dc8bb82bfefc03ba798862,,final,2024,部门,30,13655,上海市普陀区规划和自然资源局 2024 年度部门决算.pdf,uploads\16c4d72dbcb234ddbb24dc964da910df\上海市普陀区规划和自然资源局 2024 年度部门决算.pdf,uploads\546fb149d6f08e5554d1782cad4abea8\上海市普陀区规划和自然资源局 2024 年度部门决算.pdf,
631ac4422779919ad4ab717648d5728a4ca334619eb1f7c7e1f8b1479e240ef5,,final,2024,部门,30,16203,上海市普陀区规划和自然资源局 2024 年度部门决算.pdf,uploads\putuo_final_samples\上海市普陀区规划和自然资源局 2024 年度部门决算.pdf,,
d45e923176f9fe4b6533829d3a2fe67f8cbcd55d07099dabf73aca62701f8eb5,,final,2024,部门,25,11649,上海市普陀区财政局 2024 年度部门决算.pdf,uploads\putuo_final_samples\上海市普陀区财政局 2024 年度部门决算.pdf,uploads\3778696e71db2a1f1e5f3aa081d21166\上海市普陀区财政局2024年度部门决算.pdf|uploads\65d1e23dcd39ea8b21456f8df0161542\上海市普陀区财政局2024年度部门决算.pdf,
14fa4da83ba5b73eb1638a086ca2179827017217d5a0442fae92cfb0e1c43361,,budget,2026,单位,16,8224,上海市普陀区长寿路街道城市运行管理中心_上海市普陀区长寿路街道城市运行管理中心2026年单位预算.pdf,uploads\c64576397eca37deed003079ea8413c3\上海市普陀区长寿路街道城市运行管理中心_上海市普陀区长寿路街道城市运行管理中心2026年单位预算.pdf,,
87e058505a7ed072cd2093b74103732219c8fa2756c228156154af3074e61bc1,,budget,2026,单位,16,7877,上海市普陀区长寿路街道社区事务受理服务中心_上海市普陀区长寿路街道社区事务受理服务中心2026年单位预算.pdf,uploads\2120a9dc61ebe1cad817f68f55944e1e\上海市普陀区长寿路街道社区事务受理服务中心_上海市普陀区长寿路街道社区事务受理服务中心2026年单位预算.pdf,,
e0d1cabf9f6d12099e5c1f02a9f4ff1938a0c9b9b62481c83f78f183e875bb9b,,budget,2026,单位,16,8327,上海市普陀区长寿路街道社区党群服务中心_上海市普陀区长寿路街道社区党群服务中心2026年单位预算.pdf,uploads\80f96f234e8f6be55d5d74f38e3de97c\上海市普陀区长寿路街道社区党群服务中心_上海市普陀区长寿路街道社区党群服务中心2026年单位预算.pdf,,
8742076648885952f61ea35cfdd658c56cfd4fb60034b410fdf730d3b276249b,,budget,2026,单位,16,7310,上海市普陀区长寿路街道经济发展服务中心_上海市普陀区长寿路街道经济发展服务中心2026年单位预算.pdf,uploads\4749c2526dde5850bc03c37de5400954\上海市普陀区长寿路街道经济发展服务中心_上海市普陀区长寿路街道经济发展服务中心2026年单位预算.pdf,,
b1acc00a05a39c51cde8d82fde82ccf1cd9e7570e1ab46f2420fbefec2064fd6,,budget,2026,单位,20,8606,上海市普陀区长寿路街道综合行政执法队_上海市普陀区长寿路街道综合行政执法队2026年单位预算.pdf,uploads\29c416c8655926ca08f4ac846f196ee3\上海市普陀区长寿路街道综合行政执法队_上海市普陀区长寿路街道综合行政执法队2026年单位预算.pdf,,
b28efae1567dfeccf57d07515ec08368e4f072105c6df7e487d1ceaa10219bc7,,budget,2026,单位,30,18614,曹杨新村街道(本部)_上海市普陀区人民政府曹杨新村街道办事处2026年单位预算.pdf,uploads\4b848c5be1f8e5ebf42913df25ee468e\曹杨新村街道(本部)_上海市普陀区人民政府曹杨新村街道办事处2026年单位预算.pdf,,
