doc_id,sha12,name,path,L1_文种,L1_文种置信,L1_文种出处,L1_年度,L1_年度置信,L1_年度出处,L1_单位,L1_单位置信,L1_单位出处,L1_页数,L1_文本字符,L1_表清单_文本层命中,L1_空表说明,L2资格,复核结论,复核人,备注
,ae05f59e0b55,上海市普陀区交通管理中心2026年度单位预算.pdf,uploads\aa59d53acddf8fde50a686c1c96e45a4\上海市普陀区交通管理中心2026年度单位预算.pdf,budget,高,文件名,2026,高,文件名,上海市普陀区交通管理中心,高,文件名+正文,20,7894,财务收支预算总表、收入预算总表、支出预算总表、财政拨款收支预算总表、一般公共预算支出功能分类预算表、政府性基金预算支出功能分类预算表、国有资本经营预算支出功能分类预算表、一般公共预算基本支出、三公、绩效目标,政府性基金：表存在且有数据；国有资本经营：表存在且有数据；三公：表存在且有数据,是（当前引擎未跑过）,,,
,95ded2d8d439,上海市普陀区人民政府办公室 2024 年度部门决算.pdf,uploads\e51c4622de6c5afb379131e63adc7794\上海市普陀区人民政府办公室 2024 年度部门决算.pdf,final,高,文件名,2024,高,文件名,上海市普陀区人民政府办公室,高,文件名+正文,29,11738,收入支出决算总表、收入决算表、支出决算表、财政拨款收入支出决算总表、一般公共预算财政拨款支出决算、基本支出、政府性基金、国有资本经营、三公,三公：表存在且有数据,是（当前引擎未跑过）,,,
,4b23e89f2874,上海市普陀区人民政府办公室 2025 年度单位决算.pdf,uploads\0bbe710bc1e814a82716b6e779822529\上海市普陀区人民政府办公室 2025 年度单位决算.pdf,final,高,文件名,2025,高,文件名,上海市普陀区人民政府办公室,高,文件名+正文,27,11819,收入支出决算总表、收入决算表、支出决算表、财政拨款收入支出决算总表、一般公共预算财政拨款支出决算、基本支出、政府性基金、国有资本经营、三公,三公：表存在且有数据,是（当前引擎未跑过）,,,
DOC-B1-001,f809eef2afa9,上海市普陀区人民政府宜川路街道办事处 2025 年度决算.pdf,uploads\putuo_final_samples\上海市普陀区人民政府宜川路街道办事处 2025 年度决算.pdf,final,高,文件名,2025,高,文件名,上海市普陀区人民政府宜川路街道办事处,高,文件名+正文,41,19661,收入支出决算总表、收入决算表、支出决算表、财政拨款收入支出决算总表、一般公共预算财政拨款支出决算、基本支出、政府性基金、国有资本经营、三公,三公：表存在且有数据,否（已登记且当前引擎输出已公开）,,,
DOC-B1-002,e8315830f800,上海市普陀区人民政府石泉路街道办事处 2025 年度决算.pdf,uploads\putuo_final_samples\上海市普陀区人民政府石泉路街道办事处 2025 年度决算.pdf,final,高,文件名,2025,高,文件名,上海市普陀区人民政府石泉路街道办事处,高,文件名+正文,44,21380,收入支出决算总表、收入决算表、支出决算表、财政拨款收入支出决算总表、一般公共预算财政拨款支出决算、基本支出、政府性基金、国有资本经营、三公,三公：表存在且有数据,否（已登记且当前引擎输出已公开）,,,
,6807f563289f,上海市普陀区人民政府长风街道办事处 2025 年度决算.pdf,uploads\putuo_final_samples\上海市普陀区人民政府长风街道办事处 2025 年度决算.pdf,final,高,文件名,2025,高,文件名,上海市普陀区人民政府长风街道办事处,高,文件名+正文,36,18461,收入支出决算总表、收入决算表、支出决算表、财政拨款收入支出决算总表、一般公共预算财政拨款支出决算、基本支出、政府性基金、国有资本经营、三公,三公：表存在且有数据,是（当前引擎未跑过）,,,
,b64e7ed3c7a4,上海市普陀区养老服务发展中心2026年度单位预算.pdf,uploads\a7ddcf98544909b7030db777474fc533\上海市普陀区养老服务发展中心2026年度单位预算.pdf,budget,高,文件名,2026,高,文件名,上海市普陀区养老服务发展中心,高,文件名+正文,22,8627,财务收支预算总表、收入预算总表、支出预算总表、财政拨款收支预算总表、一般公共预算支出功能分类预算表、政府性基金预算支出功能分类预算表、国有资本经营预算支出功能分类预算表、一般公共预算基本支出、三公、绩效目标,政府性基金：表存在且有数据；国有资本经营：空表/无此项；三公：表存在且有数据,是（当前引擎未跑过）,,,
,a69cfe01fc30,上海市普陀区城市管理行政执法局2026年度单位预算公开.pdf,uploads\436b43bb38275cb58ec660faf9505451\上海市普陀区城市管理行政执法局2026年度单位预算公开.pdf,budget,高,文件名,2026,高,文件名,上海市普陀区城市管理行政执法局,高,文件名+正文,21,7943,财务收支预算总表、收入预算总表、支出预算总表、财政拨款收支预算总表、一般公共预算支出功能分类预算表、政府性基金预算支出功能分类预算表、国有资本经营预算支出功能分类预算表、一般公共预算基本支出、三公、绩效目标,政府性基金：表存在且有数据；国有资本经营：表存在且有数据；三公：表存在且有数据,是（当前引擎未跑过）,,,
DOC-B1-005,c56f4368be5d,上海市普陀区城市管理行政执法局2026年度部门预算公开.pdf,uploads\debb635a7ff812fb90fa574ee50aba10\上海市普陀区城市管理行政执法局2026年度部门预算公开.pdf,budget,高,文件名,2026,高,文件名,上海市普陀区城市管理行政执法局,高,文件名+正文,24,10881,财务收支预算总表、收入预算总表、支出预算总表、财政拨款收支预算总表、一般公共预算支出功能分类预算表、政府性基金预算支出功能分类预算表、国有资本经营预算支出功能分类预算表、一般公共预算基本支出、三公、绩效目标,政府性基金：表存在且有数据；国有资本经营：表存在且有数据；三公：表存在且有数据,否（已登记且当前引擎输出已公开）,,,
,fef3fb8ca021,上海市普陀区婚姻收养登记中心2026年度单位预算.pdf,uploads\46dd2a2047003c94b94796a5e8da3ac3\上海市普陀区婚姻收养登记中心2026年度单位预算.pdf,budget,高,文件名,2026,高,文件名,上海市普陀区婚姻收养登记中心,高,文件名+正文,18,6266,财务收支预算总表、收入预算总表、支出预算总表、财政拨款收支预算总表、一般公共预算支出功能分类预算表、政府性基金预算支出功能分类预算表、国有资本经营预算支出功能分类预算表、一般公共预算基本支出、三公、绩效目标,政府性基金：空表/无此项；国有资本经营：空表/无此项；三公：表存在且有数据,是（当前引擎未跑过）,,,
,2c9a82322318,上海市普陀区市政工程建设中心2026年度单位预算.pdf,uploads\507182d99c7c895befa277147f694c0f\上海市普陀区市政工程建设中心2026年度单位预算.pdf,budget,高,文件名,2026,高,文件名,上海市普陀区市政工程建设中心,高,文件名+正文,21,8057,财务收支预算总表、收入预算总表、支出预算总表、财政拨款收支预算总表、一般公共预算支出功能分类预算表、政府性基金预算支出功能分类预算表、国有资本经营预算支出功能分类预算表、一般公共预算基本支出、三公、绩效目标,政府性基金：表存在且有数据；国有资本经营：空表/无此项；三公：表存在且有数据,是（当前引擎未跑过）,,,
,599f30b52b35,上海市普陀区市政水务管理中心2026年单位预算.pdf,uploads\d6b77713dee43abf5f3d17656a4806d8\上海市普陀区市政水务管理中心2026年单位预算.pdf,budget,高,文件名,2026,高,文件名,上海市普陀区市政水务管理中心,高,文件名+正文,21,9987,财务收支预算总表、收入预算总表、支出预算总表、财政拨款收支预算总表、一般公共预算支出功能分类预算表、政府性基金预算支出功能分类预算表、国有资本经营预算支出功能分类预算表、一般公共预算基本支出、三公、绩效目标,政府性基金：表存在且有数据；国有资本经营：空表/无此项；三公：表存在且有数据,是（当前引擎未跑过）,,,
,d3fd952fc4ec,上海市普陀区建筑业管理中心2026年度单位预算.pdf,uploads\d3f3e77f13a84ceac43ddb1931837ec5\上海市普陀区建筑业管理中心2026年度单位预算.pdf,budget,高,文件名,2026,高,文件名,上海市普陀区建筑业管理中心,高,文件名+正文,20,7312,财务收支预算总表、收入预算总表、支出预算总表、财政拨款收支预算总表、一般公共预算支出功能分类预算表、政府性基金预算支出功能分类预算表、国有资本经营预算支出功能分类预算表、一般公共预算基本支出、三公、绩效目标,政府性基金：空表/无此项；国有资本经营：空表/无此项；三公：表存在且有数据,是（当前引擎未跑过）,,,
,0b3e393a26a0,上海市普陀区建设和管理委员会2026年度单位预算.pdf,uploads\ad90e15463c576fba3628adae42434de\上海市普陀区建设和管理委员会2026年度单位预算.pdf,budget,高,文件名,2026,高,文件名,上海市普陀区建设和管理委员会,高,文件名+正文,21,9659,财务收支预算总表、收入预算总表、支出预算总表、财政拨款收支预算总表、一般公共预算支出功能分类预算表、政府性基金预算支出功能分类预算表、国有资本经营预算支出功能分类预算表、一般公共预算基本支出、三公、绩效目标,政府性基金：表存在且有数据；国有资本经营：空表/无此项；三公：表存在且有数据,是（当前引擎未跑过）,,,
DOC-B1-004,73528f0b78d1,上海市普陀区建设和管理委员会2026年度部门预算公开.pdf,uploads\864d06b238464180b964e71ea7a6b410\上海市普陀区建设和管理委员会2026年度部门预算公开.pdf,budget,高,文件名,2026,高,文件名,上海市普陀区建设和管理委员会,高,文件名+正文,24,16268,财务收支预算总表、收入预算总表、支出预算总表、财政拨款收支预算总表、一般公共预算支出功能分类预算表、政府性基金预算支出功能分类预算表、国有资本经营预算支出功能分类预算表、一般公共预算基本支出、三公、绩效目标,政府性基金：表存在且有数据；国有资本经营：表存在且有数据；三公：表存在且有数据,否（已登记且当前引擎输出已公开）,,,
,e923a8f859bc,上海市普陀区救助事务中心2026年度单位预算.pdf,uploads\af43dbe7aca1092dc6f1575b7830adfa\上海市普陀区救助事务中心2026年度单位预算.pdf,budget,高,文件名,2026,高,文件名,上海市普陀区救助事务中心,高,文件名+正文,20,7331,财务收支预算总表、收入预算总表、支出预算总表、财政拨款收支预算总表、一般公共预算支出功能分类预算表、政府性基金预算支出功能分类预算表、国有资本经营预算支出功能分类预算表、一般公共预算基本支出、三公、绩效目标,政府性基金：表存在且有数据；国有资本经营：表存在且有数据；三公：表存在且有数据,是（当前引擎未跑过）,,,
DOC-B1-003,74e6afd06669,上海市普陀区文化和旅游局 2025 年度部门决算.pdf,uploads\3e33f44e1b1414ed064e0896c154363c\上海市普陀区文化和旅游局 2025 年度部门决算.pdf,final,高,文件名,2025,高,文件名,上海市普陀区文化和旅游局,高,文件名+正文,33,16498,收入支出决算总表、收入决算表、支出决算表、财政拨款收入支出决算总表、一般公共预算财政拨款支出决算、基本支出、政府性基金、国有资本经营、三公,三公：表存在且有数据,否（已登记且当前引擎输出已公开）,,,
DOC-B1-006,19447c3cec30,上海市普陀区文化和旅游局26部门预算.pdf,uploads\ef67c3fa4030c28059323b0cd2b63931\上海市普陀区文化和旅游局26部门预算.pdf,budget,高,文件名,2026,中,正文,上海市普陀区文化和旅游局,高,文件名+正文,27,12758,财务收支预算总表、收入预算总表、支出预算总表、财政拨款收支预算总表、一般公共预算支出功能分类预算表、政府性基金预算支出功能分类预算表、国有资本经营预算支出功能分类预算表、一般公共预算基本支出、三公、绩效目标,政府性基金：表存在且有数据；国有资本经营：表存在且有数据；三公：表存在且有数据,否（已登记且当前引擎输出已公开）,,,
,ff21b6bbb658,上海市普陀区曹杨新村街道城市运行管理中心_上海市普陀区曹杨新村街道城市运行管理中心2026年单位预算.pdf,uploads\d0b217e4c8b7dcb3cc856adac9e473c5\上海市普陀区曹杨新村街道城市运行管理中心_上海市普陀区曹杨新村街道城市运行管理中心2026年单位预算.pdf,budget,高,文件名,2026,高,文件名,上海市普陀区曹杨新村街道城市运行管理中心,高,文件名+正文,21,8280,财务收支预算总表、收入预算总表、支出预算总表、财政拨款收支预算总表、一般公共预算支出功能分类预算表、政府性基金预算支出功能分类预算表、国有资本经营预算支出功能分类预算表、一般公共预算基本支出、三公、绩效目标,政府性基金：空表/无此项；国有资本经营：空表/无此项；三公：表存在且有数据,是（当前引擎未跑过）,,,
,bf9a525b1275,上海市普陀区曹杨新村街道社区事务受理服务中心_上海市普陀区曹杨新村街道社区事务受理服务中心2026年单位预算.pdf,uploads\81dc2c0a38d3a189fcdccf5d622d051a\上海市普陀区曹杨新村街道社区事务受理服务中心_上海市普陀区曹杨新村街道社区事务受理服务中心2026年单位预算.pdf,budget,高,文件名,2026,高,文件名,上海市普陀区曹杨新村街道社区事务受理服务中心,高,文件名+正文,19,8312,财务收支预算总表、收入预算总表、支出预算总表、财政拨款收支预算总表、一般公共预算支出功能分类预算表、政府性基金预算支出功能分类预算表、国有资本经营预算支出功能分类预算表、一般公共预算基本支出、三公、绩效目标,政府性基金：空表/无此项；国有资本经营：空表/无此项；三公：空表/无此项,是（当前引擎未跑过）,,,
,70cebe238ab0,上海市普陀区曹杨新村街道社区党群服务中心_上海市普陀区曹杨新村街道社区党群服务中心2026年单位预算.pdf,uploads\95ca9ffc63d416dab1a21fa2aa9f77ba\上海市普陀区曹杨新村街道社区党群服务中心_上海市普陀区曹杨新村街道社区党群服务中心2026年单位预算.pdf,budget,高,文件名,2026,高,文件名,上海市普陀区曹杨新村街道社区党群服务中心,高,文件名+正文,19,9100,财务收支预算总表、收入预算总表、支出预算总表、财政拨款收支预算总表、一般公共预算支出功能分类预算表、政府性基金预算支出功能分类预算表、国有资本经营预算支出功能分类预算表、一般公共预算基本支出、三公、绩效目标,政府性基金：空表/无此项；国有资本经营：空表/无此项；三公：空表/无此项,是（当前引擎未跑过）,,,
,b23c1a70ed1a,上海市普陀区曹杨新村街道经济发展服务中心_上海市普陀区曹杨新村街道经济发展服务中心2026年单位预算.pdf,uploads\7549383242347f287a8858a17ef178b2\上海市普陀区曹杨新村街道经济发展服务中心_上海市普陀区曹杨新村街道经济发展服务中心2026年单位预算.pdf,budget,高,文件名,2026,高,文件名,上海市普陀区曹杨新村街道经济发展服务中心,高,文件名+正文,20,7418,财务收支预算总表、收入预算总表、支出预算总表、财政拨款收支预算总表、一般公共预算支出功能分类预算表、政府性基金预算支出功能分类预算表、国有资本经营预算支出功能分类预算表、一般公共预算基本支出、三公、绩效目标,政府性基金：空表/无此项；国有资本经营：空表/无此项；三公：空表/无此项,是（当前引擎未跑过）,,,
,ff9900d6374b,上海市普陀区曹杨新村街道综合行政执法队_上海市普陀区曹杨新村街道综合行政执法队2026年单位预算.pdf,uploads\9f9ad3376e7347608daf2a82b105ffe3\上海市普陀区曹杨新村街道综合行政执法队_上海市普陀区曹杨新村街道综合行政执法队2026年单位预算.pdf,budget,高,文件名,2026,高,文件名,上海市普陀区曹杨新村街道综合行政执法队,高,文件名+正文,33,8337,财务收支预算总表、收入预算总表、支出预算总表、财政拨款收支预算总表、一般公共预算支出功能分类预算表、政府性基金预算支出功能分类预算表、国有资本经营预算支出功能分类预算表、一般公共预算基本支出、三公、绩效目标,政府性基金：空表/无此项；国有资本经营：空表/无此项；三公：表存在且有数据,是（当前引擎未跑过）,,,
,7bcbfe675c7f,上海市普陀区民政局2026年部门预算.pdf,uploads\5756d4572f314fe41b25101099b413c5\上海市普陀区民政局2026年部门预算.pdf,budget,高,文件名,2026,高,文件名,上海市普陀区民政局,高,文件名+正文,26,16706,财务收支预算总表、收入预算总表、支出预算总表、财政拨款收支预算总表、一般公共预算支出功能分类预算表、政府性基金预算支出功能分类预算表、国有资本经营预算支出功能分类预算表、一般公共预算基本支出、三公、绩效目标,政府性基金：表存在且有数据；国有资本经营：表存在且有数据；三公：表存在且有数据,是（当前引擎未跑过）,,,
,5c7634c49f10,上海市普陀区民政局（本级）2026年度单位预算.pdf,uploads\c9e52f8ba924739a7e762c29dfc6eb26\上海市普陀区民政局（本级）2026年度单位预算.pdf,budget,高,文件名,2026,高,文件名,上海市普陀区民政局,高,文件名+正文,24,12191,财务收支预算总表、收入预算总表、支出预算总表、财政拨款收支预算总表、一般公共预算支出功能分类预算表、政府性基金预算支出功能分类预算表、国有资本经营预算支出功能分类预算表、一般公共预算基本支出、三公、绩效目标,政府性基金：表存在且有数据；国有资本经营：表存在且有数据；三公：表存在且有数据,是（当前引擎未跑过）,,,
,218428d19d9b,上海市普陀区社会事务管理中心2026年度单位预算.pdf,uploads\ea5049dd7dc0bd58f3b19770fe3e9b20\上海市普陀区社会事务管理中心2026年度单位预算.pdf,budget,高,文件名,2026,高,文件名,上海市普陀区社会事务管理中心,高,文件名+正文,16,6123,财务收支预算总表、收入预算总表、支出预算总表、财政拨款收支预算总表、一般公共预算支出功能分类预算表、政府性基金预算支出功能分类预算表、国有资本经营预算支出功能分类预算表、一般公共预算基本支出、三公、绩效目标,政府性基金：空表/无此项；国有资本经营：空表/无此项；三公：空表/无此项,是（当前引擎未跑过）,,,
,7b81978361fa,上海市普陀区社会福利院2026年度单位预算.pdf,uploads\6367f31f1d95b6ef862044b3c2a85724\上海市普陀区社会福利院2026年度单位预算.pdf,budget,高,文件名,2026,高,文件名,上海市普陀区社会福利院,高,文件名+正文,17,6667,财务收支预算总表、收入预算总表、支出预算总表、财政拨款收支预算总表、一般公共预算支出功能分类预算表、政府性基金预算支出功能分类预算表、国有资本经营预算支出功能分类预算表、一般公共预算基本支出、三公、绩效目标,政府性基金：空表/无此项；国有资本经营：空表/无此项；三公：表存在且有数据,是（当前引擎未跑过）,,,
,f2546b577801,上海市普陀区规划和自然资源局 2024 年度部门决算.pdf,uploads\16c4d72dbcb234ddbb24dc964da910df\上海市普陀区规划和自然资源局 2024 年度部门决算.pdf,final,高,文件名,2024,高,文件名,上海市普陀区规划和自然资源局,高,文件名+正文,30,13655,收入支出决算总表、收入决算表、支出决算表、财政拨款收入支出决算总表、一般公共预算财政拨款支出决算、基本支出、政府性基金、国有资本经营、三公,三公：表存在且有数据,是（当前引擎未跑过）,,,
,631ac4422779,上海市普陀区规划和自然资源局 2024 年度部门决算.pdf,uploads\putuo_final_samples\上海市普陀区规划和自然资源局 2024 年度部门决算.pdf,final,高,文件名,2024,高,文件名,上海市普陀区规划和自然资源局,高,文件名+正文,30,16203,收入支出决算总表、收入决算表、支出决算表、财政拨款收入支出决算总表、一般公共预算财政拨款支出决算、基本支出、政府性基金、国有资本经营、三公,三公：表存在且有数据,是（当前引擎未跑过）,,,
,d45e923176f9,上海市普陀区财政局 2024 年度部门决算.pdf,uploads\putuo_final_samples\上海市普陀区财政局 2024 年度部门决算.pdf,final,高,文件名,2024,中,文件名,上海市普陀区财政局,高,文件名+正文,25,11649,收入支出决算总表、收入决算表、支出决算表、财政拨款收入支出决算总表、一般公共预算财政拨款支出决算、基本支出、政府性基金、国有资本经营、三公,三公：表存在且有数据,是（当前引擎未跑过）,,,
,14fa4da83ba5,上海市普陀区长寿路街道城市运行管理中心_上海市普陀区长寿路街道城市运行管理中心2026年单位预算.pdf,uploads\c64576397eca37deed003079ea8413c3\上海市普陀区长寿路街道城市运行管理中心_上海市普陀区长寿路街道城市运行管理中心2026年单位预算.pdf,budget,高,文件名,2026,高,文件名,上海市普陀区长寿路街道城市运行管理中心,高,文件名+正文,16,8224,财务收支预算总表、收入预算总表、支出预算总表、财政拨款收支预算总表、一般公共预算支出功能分类预算表、政府性基金预算支出功能分类预算表、国有资本经营预算支出功能分类预算表、一般公共预算基本支出、三公、绩效目标,政府性基金：空表/无此项；国有资本经营：空表/无此项；三公：表存在且有数据,是（当前引擎未跑过）,,,
,87e058505a7e,上海市普陀区长寿路街道社区事务受理服务中心_上海市普陀区长寿路街道社区事务受理服务中心2026年单位预算.pdf,uploads\2120a9dc61ebe1cad817f68f55944e1e\上海市普陀区长寿路街道社区事务受理服务中心_上海市普陀区长寿路街道社区事务受理服务中心2026年单位预算.pdf,budget,高,文件名,2026,高,文件名,上海市普陀区长寿路街道社区事务受理服务中心,高,文件名+正文,16,7877,财务收支预算总表、收入预算总表、支出预算总表、财政拨款收支预算总表、一般公共预算支出功能分类预算表、政府性基金预算支出功能分类预算表、国有资本经营预算支出功能分类预算表、一般公共预算基本支出、三公、绩效目标,政府性基金：空表/无此项；国有资本经营：空表/无此项；三公：表存在且有数据,是（当前引擎未跑过）,,,
,e0d1cabf9f6d,上海市普陀区长寿路街道社区党群服务中心_上海市普陀区长寿路街道社区党群服务中心2026年单位预算.pdf,uploads\80f96f234e8f6be55d5d74f38e3de97c\上海市普陀区长寿路街道社区党群服务中心_上海市普陀区长寿路街道社区党群服务中心2026年单位预算.pdf,budget,高,文件名,2026,高,文件名,上海市普陀区长寿路街道社区党群服务中心,高,文件名+正文,16,8327,财务收支预算总表、收入预算总表、支出预算总表、财政拨款收支预算总表、一般公共预算支出功能分类预算表、政府性基金预算支出功能分类预算表、国有资本经营预算支出功能分类预算表、一般公共预算基本支出、三公、绩效目标,政府性基金：空表/无此项；国有资本经营：空表/无此项；三公：空表/无此项,是（当前引擎未跑过）,,,
,874207664888,上海市普陀区长寿路街道经济发展服务中心_上海市普陀区长寿路街道经济发展服务中心2026年单位预算.pdf,uploads\4749c2526dde5850bc03c37de5400954\上海市普陀区长寿路街道经济发展服务中心_上海市普陀区长寿路街道经济发展服务中心2026年单位预算.pdf,budget,高,文件名,2026,高,文件名,上海市普陀区长寿路街道经济发展服务中心,高,文件名+正文,16,7310,财务收支预算总表、收入预算总表、支出预算总表、财政拨款收支预算总表、一般公共预算支出功能分类预算表、政府性基金预算支出功能分类预算表、国有资本经营预算支出功能分类预算表、一般公共预算基本支出、三公、绩效目标,政府性基金：空表/无此项；国有资本经营：空表/无此项；三公：空表/无此项,是（当前引擎未跑过）,,,
,b1acc00a05a3,上海市普陀区长寿路街道综合行政执法队_上海市普陀区长寿路街道综合行政执法队2026年单位预算.pdf,uploads\29c416c8655926ca08f4ac846f196ee3\上海市普陀区长寿路街道综合行政执法队_上海市普陀区长寿路街道综合行政执法队2026年单位预算.pdf,budget,高,文件名,2026,高,文件名,上海市普陀区长寿路街道综合行政执法队,高,文件名+正文,20,8606,财务收支预算总表、收入预算总表、支出预算总表、财政拨款收支预算总表、一般公共预算支出功能分类预算表、政府性基金预算支出功能分类预算表、国有资本经营预算支出功能分类预算表、一般公共预算基本支出、三公、绩效目标,政府性基金：空表/无此项；国有资本经营：空表/无此项；三公：表存在且有数据,是（当前引擎未跑过）,,,
,b28efae1567d,曹杨新村街道(本部)_上海市普陀区人民政府曹杨新村街道办事处2026年单位预算.pdf,uploads\4b848c5be1f8e5ebf42913df25ee468e\曹杨新村街道(本部)_上海市普陀区人民政府曹杨新村街道办事处2026年单位预算.pdf,budget,高,文件名,2026,高,文件名,上海市普陀区人民政府曹杨新村街道办事处,高,文件名+正文,30,18614,财务收支预算总表、收入预算总表、支出预算总表、财政拨款收支预算总表、一般公共预算支出功能分类预算表、政府性基金预算支出功能分类预算表、国有资本经营预算支出功能分类预算表、一般公共预算基本支出、三公、绩效目标,政府性基金：表存在且有数据；国有资本经营：空表/无此项；三公：表存在且有数据,是（当前引擎未跑过）,,,
,6a2eb6044359,24年普陀区财政局（测试问题版本）.pdf,samples\bad\24年普陀区财政局（测试问题版本）.pdf,final,中,文件名,2024,中,正文,上海市普陀区财政局,高,文件名+正文,26,10836,收入支出决算总表、收入决算表、支出决算表、财政拨款收入支出决算总表、一般公共预算财政拨款支出决算、基本支出、政府性基金、国有资本经营、三公,政府性基金：表存在且有数据；国有资本经营：表存在且有数据；三公：表存在且有数据,是（当前引擎未跑过）,,,
,44874c062a89,中共上海市普陀区委社会工作部 2024 年度部门决算.pdf,samples\bad\中共上海市普陀区委社会工作部 2024 年度部门决算.pdf,final,高,文件名,2024,高,文件名,上海市普陀区委社会工作部,高,文件名+正文,24,9846,收入支出决算总表、收入决算表、支出决算表、财政拨款收入支出决算总表、一般公共预算财政拨款支出决算、基本支出、政府性基金、国有资本经营、三公,政府性基金：空表/无此项,是（当前引擎未跑过）,,,
